dialect,validation_rows,word_rewrite_chrfpp,m0_chrfpp_mean,m0_chrfpp_sd,m1_chrfpp_mean,m1_chrfpp_sd,m1_minus_word_rewrite
BAR,333,50.978262,42.634349,1.424468,42.841034,0.802656,-8.137228
CHI,1706,62.192216,50.019488,1.033308,50.077164,0.358327,-12.115052
KHU,89,34.604074,34.056834,1.182630,36.117538,1.101668,1.513463
MYM,250,77.089379,52.673897,1.180765,53.783061,0.751297,-23.306318
NAR,101,41.183744,35.703100,1.032862,38.852219,2.032247,-2.331525
NOA,249,51.727224,38.057744,0.742172,38.772008,0.531858,-12.955216
RAN,159,30.575455,32.311406,0.478243,31.614633,0.166743,1.039178
SYL,1402,55.349162,43.753124,0.106609,44.056453,0.292022,-11.292709
