dialect,rows,chrfpp,sacrebleu,ter,cer,wer,exact_match,number_preservation
BAR,333,36.27888031127404,7.486336283119481,67.13973799126637,0.42972375690607734,0.6956772334293948,0.009009009009009009,1.0
CHI,1706,44.68950719861873,15.945373847916574,60.310062773444926,0.3261867473132797,0.6282992657273269,0.08089097303634232,1.0
KHU,89,33.28331295051447,5.986173288320422,78.99159663865547,0.49977262391996363,0.8156028368794326,0.0,
MYM,250,54.88614769016474,22.3182972283093,43.43859649122807,0.19516676088185417,0.45301027900146845,0.056,1.0
NAR,101,38.6202971760622,7.560415960808371,73.18840579710145,0.46250901225666907,0.7598425196850394,0.0,
NOA,249,33.63866319832639,6.166077947669576,69.7396199859254,0.3988103668035689,0.7218543046357616,0.004016064257028112,1.0
RAN,159,23.763874216320445,2.0662883252016773,85.96287703016242,0.5726474890297416,0.8761290322580645,0.0,
SYL,1402,42.043999709909684,12.638820520862158,64.01166180758018,0.3408674272650808,0.6726981782373215,0.015691868758915834,1.0
