dialect,rows,chrfpp,sacrebleu,ter,cer,wer,exact_match,number_preservation
BAR,491,32.620090940527874,5.797384454142699,70.71537290715372,0.42598837209302326,0.712997512437811,0.004073319755600814,
CHI,1879,44.18224001011521,15.545967847272568,61.564925194015515,0.33090746402207144,0.6393524283935242,0.06918573709419905,1.0
KHU,101,30.90155338178028,3.9897045079912288,79.36210131332082,0.4898122253296045,0.8114406779661016,0.0,
MYM,375,55.47046036439167,22.25134680297658,43.6996336996337,0.2033406957482054,0.4414814814814815,0.016,
NAR,101,45.70900284127136,15.935065643019295,67.96875,0.41688754259750094,0.7200854700854701,0.0,
NOA,373,33.927395375842906,5.506806116269924,72.82768777614137,0.3857093305584461,0.7356664184661206,0.0,
RAN,127,25.853001893810596,2.7585243109038116,86.89248895434463,0.5759146341463415,0.8780487804878049,0.0,
SYL,1586,45.413332565620294,14.213652316603241,59.37268689859363,0.3058051608965447,0.6184350517458168,0.0069356872635561164,1.0
