dialect,rows,chrfpp,sacrebleu,ter,cer,wer,exact_match,number_preservation
BAR,491,48.27619937962764,21.282767377191046,51.20243531202435,0.3158139534883721,0.5139925373134329,0.018329938900203666,
CHI,1879,61.18260352701419,31.60633783126966,40.89927194175534,0.22823055700544329,0.4293067662930677,0.10803618946248005,1.0
KHU,101,33.42345058076011,4.469519855956071,77.4859287054409,0.48501797842588895,0.7796610169491526,0.0,
MYM,375,78.28604000977427,57.49907126521853,21.428571428571427,0.10332689122032027,0.2162962962962963,0.19733333333333333,
NAR,101,44.41271901495078,10.574899051172865,70.1171875,0.44301400984475575,0.7307692307692307,0.0,
NOA,373,50.173897313939655,19.814446533919394,52.908689248895435,0.29226500173430453,0.5349962769918094,0.032171581769437,
RAN,127,33.90052024550425,8.913981831418553,75.9941089837997,0.5204268292682926,0.751219512195122,0.007874015748031496,
SYL,1586,57.67551445400234,29.134529930187636,44.94818652849741,0.24682106405344004,0.4682271012670471,0.05170239596469105,1.0
