{
  "candidate_id": "wordpiece_natural_32k",
  "family": "wordpiece_natural",
  "corpus": "natural",
  "requested_vocab_size": 32000,
  "actual_vocab_size": 32000,
  "rows": 10853.0,
  "tokens": 77216.0,
  "characters": 343947.0,
  "bytes": 922766.0,
  "unk_tokens": 1.0,
  "tokens_per_character": 0.22449970489639393,
  "tokens_per_byte": 0.08367885249348156,
  "mean_fertility": 1.2414205424248776,
  "p95_tokens": 15.0,
  "roundtrip_exact_rate": 0.68911821616143,
  "canonical_roundtrip_exact_rate": 0.9962222426978715,
  "unk_rate": 1.2950683796104434e-05,
  "worst_dialect_tokens_per_character": 0.23483467846914866,
  "best_dialect_tokens_per_character": 0.20195611948189268,
  "dialect_cost_ratio": 1.1628005087026039,
  "dialect_cost_gini": 0.027592671636810315,
  "dialect_cost_std": 0.01064334605221036,
  "intrinsic_score": 0.36868869429919027,
  "passes_hard_gates": true,
  "elapsed_seconds": 0.3189208507537842,
  "tokenizer_sha256": "0b7ed9de33aedc6c6271a7b8e7b6317d86f22a2f4a0f9c3a7d3fb3723245d512"
}
