variant,seed,macro_chrfpp,worst_dialect_chrfpp,replay_degradation_percent,regional_macro_f1,worst_present_dialect_f1,ece_15,stage_s_validation_id,stage_id_validation_id
M0,1701,41.185891991833344,31.910084290999404,0.9723560458561709,0.760473111073548,0.5512820512820513,0.09000385121532806,232,7
M0,2903,41.23234147216442,32.18355189784695,1.1279926648988026,0.751882575530527,0.4189189189189189,0.08822589922164377,195,6
M0,4307,41.03549494251952,32.733028885689805,1.143515300153508,0.765155735561942,0.41379310344827586,0.1130520739891167,195,14
M1,1701,42.27770809214027,31.533837295301453,1.8984434326898558,0.7669714809199738,0.45161290322580644,0.11749725197180803,195,15
M1,2903,41.801767369176716,31.5036793390804,1.7052165396751917,0.7678318337997753,0.5095541401273885,0.11970326545462522,232,16
M1,4307,41.96331611941292,31.806381744680163,2.0943971655372318,0.7586434247222485,0.4228571428571429,0.10615194521365534,232,12
M2,1701,41.72801121042136,31.362529464545077,1.1683827982583717,0.7533386836217163,0.4385026737967914,0.0964764762065051,78,8
