validation_nll,validation_perplexity,validation_bpc,validation_predicted_tokens,global_step,tokens_seen,condition,tokens_millions
3.662275453489654,38.949870731898834,1.2303283616965721,1002540,0,0,Zero-init top-1 (rejected),0.0
3.668465713578827,39.191728370695465,1.23240795746994,1002540,77,10092544,Zero-init top-1 (rejected),10.092544
3.6622908300283,38.95046965069606,1.230333527389825,1002540,0,0,"Straight-through, loss-free",0.0
3.654576979851236,38.65116743383915,1.227742086966719,1002540,39,5111808,"Straight-through, loss-free",5.111808
3.652397306597962,38.567012266677565,1.227009833520251,1002540,77,10000384,"Straight-through, loss-free",10.000384
3.6622908300283,38.95046965069606,1.230333527389825,1002540,0,0,Straight-through + balance (selected),0.0
3.654748664583478,38.65780381883757,1.22779976383948,1002540,39,5111808,Straight-through + balance (selected),5.111808
3.652188559940883,38.558962372016886,1.226939705826178,1002540,77,10000384,Straight-through + balance (selected),10.000384
