dialect,rows,chrfpp,sacrebleu,ter,cer,wer,exact_match,number_preservation
BAR,333,50.97826198697434,23.207548742936957,49.890829694323145,0.316353591160221,0.5152737752161384,0.057057057057057055,1.0
CHI,1706,62.19221560537683,33.41550404606252,39.319003233783526,0.21380353188961496,0.4152609644770788,0.111957796014068,1.0
KHU,89,34.604074486182256,7.733243332745833,77.10084033613445,0.49931787175989084,0.789598108747045,0.0,
MYM,250,77.08937935371762,56.363302393629596,22.24561403508772,0.09793668739400792,0.23201174743024963,0.264,1.0
NAR,101,41.183744199370906,11.722858672421076,70.1086956521739,0.4571016582552271,0.7204724409448819,0.019801980198019802,
NOA,249,51.72722407810534,22.112818120795772,48.55735397607319,0.27928055516215833,0.506990434142752,0.028112449799196786,1.0
RAN,159,30.575454778513706,7.862533766511889,77.9582366589327,0.5316918576304241,0.7806451612903226,0.006289308176100629,
SYL,1402,55.34916175567324,27.773253322099514,47.63848396501458,0.27247827118424744,0.5022156573116692,0.06348074179743224,1.0
