dialect,rows,chrfpp,sacrebleu,ter,cer,wer,exact_match,number_preservation
BAR,333,52.050580718649655,23.197751172257632,49.181222707423586,0.3250828729281768,0.5072046109510087,0.04804804804804805,1.0
CHI,1706,60.177018356226476,30.459337734256064,40.973939509225794,0.22620654893701284,0.43292319904743004,0.10082063305978899,1.0
KHU,89,33.64754835928544,7.735953423693693,79.2016806722689,0.5084129149613461,0.8156028368794326,0.0,
MYM,250,69.27356933466311,41.15071552089948,30.596491228070178,0.13680045223289994,0.31938325991189426,0.128,1.0
NAR,101,39.437941126248695,11.54051602071287,71.37681159420289,0.46431146359048303,0.7421259842519685,0.0,
NOA,249,49.81146975381732,16.702576888763872,50.52779732582688,0.28905254213284237,0.5253863134657837,0.028112449799196786,1.0
RAN,159,28.60899322181002,6.661794571260324,80.04640371229699,0.5438810336421258,0.8090322580645162,0.006289308176100629,
SYL,1402,52.88497775606352,24.05146103991972,51.7667638483965,0.2879634222615222,0.5448055145248646,0.03637660485021398,1.0
