dialect,rows,chrfpp,sacrebleu,ter,cer,wer,exact_match,number_preservation
BAR,333,48.833904949984934,18.49364561617966,55.62227074235808,0.34408839779005523,0.5492795389048991,0.04504504504504504,1.0
CHI,1706,59.87408914433301,30.825481753388395,43.01883203347917,0.23214703605695666,0.4429450287755507,0.09964830011723329,1.0
KHU,89,32.15731184755469,5.647785322568145,81.30252100840336,0.5325147794452023,0.83451536643026,0.0,
MYM,250,64.75457490428906,35.434769418344665,35.578947368421055,0.1643583945732052,0.3568281938325991,0.096,1.0
NAR,101,38.63143735192674,11.319760113253201,73.36956521739131,0.47512617159336695,0.7618110236220472,0.0,
NOA,249,44.081153328891496,10.523305115689645,59.39479239971851,0.33153944200538166,0.5989698307579102,0.008032128514056224,1.0
RAN,159,25.606057261159787,3.9164131742060397,84.10672853828306,0.5775231594344222,0.8503225806451613,0.006289308176100629,
SYL,1402,53.077350877420805,24.08847376366008,51.731778425655975,0.2860008195483857,0.5440669620876416,0.046362339514978604,1.0
