dialect,rows,chrfpp,sacrebleu,ter,cer,wer,exact_match,number_preservation
BAR,333,50.81320364931139,22.794014938022922,50.272925764192145,0.3177900552486188,0.5170028818443804,0.057057057057057055,1.0
CHI,1706,62.19168008016433,33.38287207988586,39.319003233783526,0.21342550089107307,0.4151617384401667,0.11899179366940212,1.0
KHU,89,35.46729131427038,7.803398551007331,76.47058823529412,0.48931332423829016,0.789598108747045,0.0,
MYM,250,74.055229619954,51.727980599578274,25.05263157894737,0.11107970604861504,0.26138032305433184,0.236,1.0
NAR,101,39.951758866394044,8.634904932279964,72.28260869565217,0.4585436193222783,0.7460629921259843,0.009900990099009901,
NOA,249,51.04594174664403,21.42714435569932,49.26108374384236,0.2828211301515366,0.5121412803532008,0.0321285140562249,1.0
RAN,159,30.173275996365557,7.791390122082079,78.42227378190255,0.5338859093125304,0.7858064516129032,0.006289308176100629,
SYL,1402,55.11438157826638,27.3362507550484,47.988338192419825,0.272974313628227,0.5057853274249139,0.06134094151212553,1.0
