dialect,rows,chrfpp,sacrebleu,ter,cer,wer,exact_match,number_preservation
BAR,333,50.99397867297376,23.13289745528356,50.21834061135371,0.31734806629834256,0.5164265129682997,0.05105105105105105,1.0
CHI,1706,62.09651965508296,33.20684589685122,39.47118128210006,0.21392954222246224,0.4165509029569359,0.11430246189917936,1.0
KHU,89,35.18981215152996,8.92731341247231,76.89075630252101,0.4956798544793088,0.7848699763593381,0.0,
MYM,250,74.92438143989803,52.86507127352103,24.63157894736842,0.10881854154889768,0.25624082232011747,0.24,1.0
NAR,101,40.114662853118865,9.542343787009822,72.28260869565217,0.46070656092285506,0.7401574803149606,0.009900990099009901,
NOA,249,51.17642268914785,21.0185142591877,49.26108374384236,0.2818297691545107,0.5114054451802796,0.028112449799196786,1.0
RAN,159,30.38767920876047,7.81746318065338,78.07424593967517,0.5319356411506582,0.7819354838709678,0.006289308176100629,
SYL,1402,55.1586244702213,27.259001059528053,48.02332361516035,0.27316841719326246,0.5061546036435254,0.06062767475035663,1.0
